DATE,UPI APP,VOL(Million),VOL(Cr),Column5,Column6,Column7,Column8,Column9,Column10,Column11,Column12
31/03/2022,Airtel Payments Bank Apps,8.33,193441.00%,-,-,-,-,4.82,"2,557.85",13.16,"4,492.25"
31/03/2022,Allahabad Bank Apps,0.02,615.00%,-,-,-,-,-,-,0.02,6.15
31/03/2022,Amazon Pay,76.34,689478.00%,-,-,-,-,-,-,76.34,"6,894.78"
31/03/2022,AU Small Finance Bank Apps,0.29,10448.00%,-,-,-,-,-,-,0.29,104.48
31/03/2022,Axis Bank Apps,7.09,104513.00%,5421.00%,3981.00%,0,0.00%,-,-,61.29,"1,084.94"
31/03/2022,Bajaj Finserv,0.35,2408.00%,-,-,-,-,-,-,0.35,24.08
31/03/2022,Bank of Baroda Apps,0.69,32861.00%,-,-,-,-,-,-,0.69,328.61
31/03/2022,Bank of India Apps,0.08,2622.00%,-,-,-,-,-,-,0.08,26.22
31/03/2022,Bank of Maharashtra Apps,0.05,1500.00%,-,-,-,-,-,-,0.05,15
31/03/2022,BHIM,24.88,805024.00%,-,-,-,-,-,-,24.88,"8,050.24"
31/03/2022,Canara Bank Apps,0.31,10968.00%,-,-,-,-,-,-,0.31,109.68
31/03/2022,Central Bank of India Apps,0.14,5067.00%,-,-,-,-,-,-,0.14,50.67
31/03/2022,Citi Bank Apps,0.11,6841.00%,-,-,-,-,-,-,0.11,68.41
31/03/2022,City Union Bank Apps,0.03,730.00%,-,-,-,-,-,-,0.03,7.3
31/03/2022,Cointab,0.08,3322.00%,-,-,-,-,-,-,0.08,33.22
31/03/2022,Cred,12.11,1613611.00%,-,-,-,-,-,-,12.11,"16,136.11"
31/03/2022,DBS Digibank Apps,0.49,18552.00%,-,-,-,-,-,-,0.49,185.52
31/03/2022,Dena Bank Apps,0.02,2932.00%,-,-,-,-,-,-,0.02,29.32
31/03/2022,Deutsche Bank Apps,1.02,9166.00%,-,-,0,136.00%,-,-,1.02,93.02
31/03/2022,Dhanlaxmi Bank Apps,0.01,329.00%,-,-,-,-,-,-,0.01,3.29
31/03/2022,Fave,0.37,1300.00%,-,-,-,-,-,-,0.37,13
31/03/2022,Federal Bank Apps,2.45,36096.00%,-,-,-,-,-,-,2.45,360.96
31/03/2022,Fino Payments bank Apps,0.04,347.00%,-,-,-,-,-,-,0.04,3.47
31/03/2022,Finserv Markets,0.03,149.00%,-,-,-,-,-,-,0.03,1.49
31/03/2022,Finshell Pay,0.08,400.00%,-,-,-,-,-,-,0.08,4
31/03/2022,GoIbibo,0.02,591.00%,-,-,-,-,-,-,0.02,5.91
31/03/2022,Google Pay,"1,838.12",33887325.00%,-,-,-,-,-,-,"1,838.12","338,873.25"
31/03/2022,Groww,0.83,47271.00%,-,-,-,-,-,-,0.83,472.71
31/03/2022,HDFC Bank Apps,5.45,162454.00%,-,-,-,-,-,-,5.45,"1,624.54"
31/03/2022,HSBC Bank Apps,0.1,6185.00%,0.00%,16.00%,-,-,-,-,0.1,62
31/03/2022,ICICI Bank Apps,31.49,1030408.00%,365.00%,23461.00%,-,-,-,-,35.13,"10,538.69"
31/03/2022,IDBI Bank Apps,0.03,1625.00%,-,-,-,-,-,-,0.03,16.25
31/03/2022,IDFC Bank Apps,2.7,53456.00%,-,-,0,0.00%,-,-,2.7,534.56
31/03/2022,India Post Payments Bank Apps,2.95,32114.00%,-,-,-,-,-,-,2.95,321.14
31/03/2022,Indian Bank Apps,0.11,4226.00%,-,-,0,0.00%,-,-,0.11,42.26
31/03/2022,Indian Overseas Bank Apps,0.01,162.00%,-,-,-,-,-,-,0.01,1.62
31/03/2022,IndusInd Bank Apps,1.03,225230.00%,-,-,-,-,-,-,1.03,"2,252.30"
31/03/2022,Jammu and Kashmir Bank Apps,0.01,215.00%,-,-,-,-,-,-,0.01,2.15
31/03/2022,Janata Sahakari Bank Apps,0.01,451.00%,-,-,-,-,-,-,0.01,4.51
31/03/2022,Jio Payments Bank Apps,2.27,12950.00%,-,-,-,-,-,-,2.27,129.5
31/03/2022,Jupiter,1.32,16480.00%,-,-,-,-,-,-,1.32,164.8
31/03/2022,Karnataka Bank Apps,0.3,3796.00%,-,-,0,0.00%,-,-,0.3,37.96
31/03/2022,Karur Vysya Bank Apps,0.04,1829.00%,-,-,-,-,-,-,0.04,18.29
31/03/2022,Kotak Mahindra Bank Apps,7.92,158751.00%,-,-,-,-,-,-,7.92,"1,587.51"
31/03/2022,MakeMyTrip,0.1,4710.00%,-,-,-,-,-,-,0.1,47.1
31/03/2022,MI Pay,0.24,3602.00%,-,-,-,-,-,-,0.24,36.02
31/03/2022,Mobikwik,3.6,73925.00%,-,-,-,-,-,-,3.6,739.25
31/03/2022,NSDL Payments Bank Apps,0.02,228.00%,-,-,-,-,-,-,0.02,2.28
31/03/2022,Paytm Payments Bank App,729.63,8384044.00%,977.00%,1768.00%,-,-,97.74,"11,792.24",837.14,"95,650.36"
31/03/2022,PhonePe,"2,527.15",47140126.00%,-,-,-,-,-,-,"2,527.15","471,401.26"
30/04/2022,Airtel Payments Bank Apps,5.29,45464.00%,-,-,-,-,0.01,6.26,5.3,460.9
30/04/2022,Amazon Pay,73.21,669957.00%,-,-,-,-,-,-,73.21,"6,699.57"
30/04/2022,AU Small Finance Bank Apps,0.32,10989.00%,-,-,-,-,-,-,0.32,109.89
30/04/2022,Axis Bank Apps,7.19,121344.00%,5684.00%,4371.00%,0,0.00%,-,-,64.03,"1,257.15"
30/04/2022,Bajaj Finserv,0.52,3861.00%,-,-,-,-,-,-,0.52,38.61
30/04/2022,Bank of Baroda Apps,0.77,34465.00%,-,-,-,-,-,-,0.77,344.65
30/04/2022,Bank of India Apps,0.1,3262.00%,0.00%,0.00%,-,-,-,-,0.1,32.62
30/04/2022,Bank of Maharashtra Apps,0.05,1456.00%,-,-,-,-,-,-,0.05,14.56
30/04/2022,BHIM,25.69,835434.00%,-,-,-,-,-,-,25.69,"8,354.34"
30/04/2022,Canara Bank Apps,0.31,11031.00%,-,-,-,-,-,-,0.31,110.31
30/04/2022,Central Bank of India Apps,0.13,5104.00%,-,-,-,-,-,-,0.13,51.04
30/04/2022,Citi Bank Apps,0.08,6603.00%,-,-,-,-,-,-,0.08,66.03
30/04/2022,City Union Bank Apps,0.03,841.00%,-,-,-,-,-,-,0.03,8.41
30/04/2022,Cointab,0.07,2850.00%,-,-,-,-,-,-,0.07,28.5
30/04/2022,Cred,13.05,1637292.00%,-,-,-,-,-,-,13.05,"16,372.92"
30/04/2022,DBS Digibank Apps,0.47,17545.00%,-,-,-,-,-,-,0.47,175.45
30/04/2022,Deutsche Bank Apps,1.51,12813.00%,-,-,0,30.00%,-,-,1.51,128.43
30/04/2022,Dhanlaxmi Bank Apps,0.01,302.00%,-,-,-,-,-,-,0.01,3.02
30/04/2022,Fave,0.18,773.00%,-,-,-,-,-,-,0.18,7.73
30/04/2022,Federal Bank Apps,2.7,37564.00%,-,-,-,-,-,-,2.7,375.64
30/04/2022,Fino Payments bank Apps,0.04,326.00%,-,-,-,-,-,-,0.04,3.26
30/04/2022,Finserv Markets,0.01,106.00%,-,-,-,-,-,-,0.01,1.06
30/04/2022,Finshell Pay,0.08,445.00%,-,-,-,-,-,-,0.08,4.45
30/04/2022,GoIbibo,0.01,331.00%,-,-,-,-,-,-,0.01,3.31
30/04/2022,Google Pay,"1,914.77",34479135.00%,-,-,-,-,-,-,"1,914.77","344,791.35"
30/04/2022,Groww,0.61,37618.00%,-,-,-,-,-,-,0.61,376.18
30/04/2022,HDFC Bank Apps,5.9,175912.00%,-,-,-,-,-,-,5.9,"1,759.12"
30/04/2022,HSBC Bank Apps,0.11,5970.00%,0.00%,2.00%,-,-,-,-,0.11,59.72
30/04/2022,ICICI Bank Apps,32.82,908672.00%,483.00%,26945.00%,-,-,-,-,37.65,"9,356.17"
30/04/2022,IDBI Bank Apps,0.03,1678.00%,-,-,-,-,-,-,0.03,16.78
30/04/2022,IDFC Bank Apps,2.49,53269.00%,-,-,0,0.00%,-,-,2.49,532.69
30/04/2022,India Post Payments Bank Apps,2.8,32853.00%,-,-,-,-,-,-,2.8,328.53
30/04/2022,Indian Bank Apps,0.14,4990.00%,-,-,0,0.00%,-,-,0.14,49.9
30/04/2022,Indian Overseas Bank Apps,0.01,152.00%,-,-,-,-,-,-,0.01,1.52
30/04/2022,IndusInd Bank Apps,1.02,259671.00%,-,-,-,-,-,-,1.02,"2,596.71"
30/04/2022,Janata Sahakari Bank Apps,0.01,428.00%,-,-,-,-,-,-,0.01,4.28
30/04/2022,Jio Payments Bank Apps,2.1,12625.00%,-,-,-,-,-,-,2.1,126.25
30/04/2022,Jupiter,1.47,18613.00%,-,-,-,-,-,-,1.47,186.13
30/04/2022,Jupiter Edge (LivQuick PPI App),0.01,43.00%,-,-,-,-,-,-,0.01,0.43
30/04/2022,Karnataka Bank Apps,0.27,3558.00%,-,-,-,-,-,-,0.27,35.58
30/04/2022,Karur Vysya Bank Apps,0.04,1854.00%,-,-,-,-,-,-,0.04,18.54
30/04/2022,Kotak Mahindra Bank Apps,7.96,168435.00%,-,-,-,-,-,-,7.96,"1,684.35"
30/04/2022,MakeMyTrip,0.09,4118.00%,-,-,-,-,-,-,0.09,41.18
30/04/2022,MI Pay,0.19,2858.00%,-,-,-,-,-,-,0.19,28.58
30/04/2022,Mobikwik,2.37,42147.00%,-,-,-,-,-,-,2.37,421.47
30/04/2022,NSDL Payments Bank Apps,0.02,232.00%,-,-,-,-,-,-,0.02,2.32
30/04/2022,Paytm Payments Bank App,740.76,8591888.00%,1115.00%,1598.00%,-,-,99.7,"15,714.20",851.61,"101,649.06"
30/04/2022,PhonePe,"2,616.26",48655703.00%,-,-,-,-,-,-,"2,616.26","486,557.03"
30/04/2022,Punjab National Bank Apps,0.09,4627.00%,-,-,-,-,-,-,0.09,46.27
30/04/2022,Punjab Sind Bank Apps,0.01,538.00%,-,-,-,-,-,-,0.01,5.38
31/05/2022,Airtel Payments Bank Apps,6.1,48655.00%,-,-,0,0.00%,0,0.07,6.11,486.62
31/05/2022,Allahabad Bank Apps,0.02,625.00%,-,-,-,-,-,-,0.02,6.25
31/05/2022,Amazon Pay,74.83,695418.00%,-,-,-,-,-,-,74.83,"6,954.18"
31/05/2022,AU Small Finance Bank Apps,0.35,10722.00%,-,-,-,-,-,-,0.35,107.22
31/05/2022,Axis Bank Apps,7.46,137231.00%,5114.00%,4808.00%,0.06,477.00%,-,-,58.66,"1,425.16"
31/05/2022,Bajaj Finserv,0.79,5853.00%,-,-,-,-,-,-,0.79,58.53
31/05/2022,Bank of Baroda Apps,0.88,40679.00%,-,-,0,0.00%,-,-,0.88,406.79
31/05/2022,Bank of India Apps,0.12,4004.00%,-,-,-,-,-,-,0.12,40.04
31/05/2022,Bank of Maharashtra Apps,0.06,1647.00%,-,-,-,-,-,-,0.06,16.47
31/05/2022,BHIM,26.57,955966.00%,-,-,-,-,-,-,26.57,"9,559.66"
31/05/2022,Canara Bank Apps,0.33,11409.00%,-,-,-,-,-,-,0.33,114.09
31/05/2022,Central Bank of India Apps,0.15,5540.00%,-,-,-,-,-,-,0.15,55.4
31/05/2022,Citi Bank Apps,0.13,7871.00%,-,-,0,0.00%,-,-,0.13,78.71
31/05/2022,City Union Bank Apps,0.03,1006.00%,-,-,-,-,-,-,0.03,10.06
31/05/2022,Cointab,0.06,2377.00%,-,-,-,-,-,-,0.06,23.77
31/05/2022,Cred,13.89,1817461.00%,-,-,-,-,-,-,13.89,"18,174.61"
31/05/2022,DBS Digibank Apps,0.47,18633.00%,-,-,-,-,-,-,0.47,186.33
31/05/2022,Deutsche Bank Apps,1.64,11654.00%,-,-,0,0.00%,-,-,1.64,116.55
31/05/2022,Dhanlaxmi Bank Apps,0.01,335.00%,-,-,-,-,-,-,0.01,3.35
31/05/2022,Fave,0.1,612.00%,-,-,-,-,-,-,0.1,6.12
31/05/2022,Federal Bank Apps,3.42,47412.00%,-,-,-,-,-,-,3.42,474.12
31/05/2022,Fino Payments bank Apps,0.04,383.00%,-,-,-,-,-,-,0.04,3.83
31/05/2022,Finserv Markets,0.01,101.00%,-,-,-,-,-,-,0.01,1.01
31/05/2022,Finshell Pay,0.09,468.00%,-,-,-,-,-,-,0.09,4.68
31/05/2022,GoIbibo,0.01,241.00%,-,-,-,-,-,-,0.01,2.41
31/05/2022,Google Pay,"2,079.92",36598927.00%,-,-,-,-,-,-,"2,079.92","365,989.27"
31/05/2022,Groww,0.51,33528.00%,-,-,-,-,-,-,0.51,335.28
31/05/2022,HDFC Bank Apps,6.95,198111.00%,-,-,-,-,-,-,6.95,"1,981.11"
31/05/2022,HSBC Bank Apps,0.1,6307.00%,0.00%,10.00%,0,0.00%,-,-,0.1,63.17
31/05/2022,ICICI Bank Apps,32.75,922165.00%,201.00%,12093.00%,2.82,171432.00%,-,-,37.59,"11,056.90"
31/05/2022,IDBI Bank Apps,0.03,1848.00%,-,-,-,-,-,-,0.03,18.48
31/05/2022,IDFC Bank Apps,4.75,62634.00%,-,-,0,0.00%,-,-,4.75,626.34
31/05/2022,India Post Payments Bank Apps,3.1,35188.00%,-,-,-,-,-,-,3.1,351.88
31/05/2022,Indian Bank Apps,0.16,5311.00%,-,-,0,2.00%,-,-,0.16,53.13
31/05/2022,Indian Overseas Bank Apps,0.01,235.00%,-,-,-,-,-,-,0.01,2.35
31/05/2022,IndusInd Bank Apps,1.01,171121.00%,-,-,-,-,-,-,1.01,"1,711.21"
31/05/2022,Janata Sahakari Bank Apps,0.01,479.00%,-,-,-,-,-,-,0.01,4.79
31/05/2022,Jio Payments Bank Apps,2.08,12788.00%,-,-,-,-,-,-,2.08,127.88
31/05/2022,Jupiter,1.79,21544.00%,-,-,-,-,-,-,1.79,215.44
31/05/2022,Jupiter Edge (LivQuick PPI),0.1,574.00%,-,-,-,-,-,-,0.1,5.74
31/05/2022,Karnataka Bank Apps,0.33,4034.00%,-,-,-,-,-,-,0.33,40.34
31/05/2022,Karur Vysya Bank Apps,0.04,1769.00%,-,-,-,-,-,-,0.04,17.69
31/05/2022,Kotak Mahindra Bank Apps,8.5,188281.00%,-,-,0,219.00%,-,-,8.5,"1,885.00"
31/05/2022,MakeMyTrip,0.09,4326.00%,-,-,-,-,-,-,0.09,43.26
31/05/2022,MI Pay,0.2,3390.00%,-,-,-,-,-,-,0.2,33.9
31/05/2022,Mobikwik,2.46,39770.00%,-,-,-,-,-,-,2.46,397.7
31/05/2022,NSDL Payments Bank Apps,0.02,239.00%,-,-,-,-,-,-,0.02,2.39
31/05/2022,Paytm Payments Bank App,780.87,9154650.00%,366.00%,596.00%,0.19,22461.00%,102.73,"16,499.70",887.45,"108,276.78"
31/05/2022,PhonePe,"2,778.75",51102881.00%,-,-,-,-,-,-,"2,778.75","511,028.81"
31/05/2022,Punjab National Bank Apps,0.09,4377.00%,-,-,-,-,-,-,0.09,43.77
30/06/2022,Airtel Payments Bank Apps,6.38,50614.00%,0.00%,0.00%,-,-,0,0.06,6.38,506.2
30/06/2022,Allahabad Bank Apps,0.02,679.00%,-,-,-,-,-,-,0.02,6.79
30/06/2022,Amazon Pay,68.4,654184.00%,-,-,-,-,-,-,68.4,"6,541.84"
30/06/2022,AU Small Finance Bank Apps,0.38,12024.00%,-,-,-,-,-,-,0.38,120.24
30/06/2022,Axis Bank Apps,6.96,121771.00%,11.00%,1105.00%,45.53,3961.00%,-,-,52.6,"1,268.38"
30/06/2022,Bajaj Finserv,1.16,8549.00%,-,-,-,-,-,-,1.16,85.49
30/06/2022,Bajaj Markets,0.01,120.00%,-,-,-,-,-,-,0.01,1.2
30/06/2022,Bank of Baroda Apps,0.83,34772.00%,0.00%,0.00%,-,-,-,-,0.83,347.72
30/06/2022,Bank of India Apps,0.13,4182.00%,-,-,-,-,-,-,0.13,41.82
30/06/2022,Bank of Maharashtra Apps,0.06,1577.00%,-,-,-,-,-,-,0.06,15.77
30/06/2022,BHIM,22.6,752798.00%,-,-,-,-,-,-,22.6,"7,527.98"
30/06/2022,Canara Bank Apps,0.34,10978.00%,-,-,-,-,-,-,0.34,109.78
30/06/2022,Central Bank of India Apps,0.15,5406.00%,-,-,-,-,-,-,0.15,54.06
30/06/2022,Citi Bank Apps,0.13,6354.00%,0.00%,0.00%,-,-,-,-,0.13,63.54
30/06/2022,City Union Bank Apps,0.03,872.00%,-,-,-,-,-,-,0.03,8.72
30/06/2022,Cointab,0.06,2399.00%,-,-,-,-,-,-,0.06,23.99
30/06/2022,Cred,13.4,1758325.00%,-,-,-,-,-,-,13.4,"17,583.25"
30/06/2022,DBS Digibank Apps,0.46,17169.00%,-,-,-,-,-,-,0.46,171.69
30/06/2022,Deutsche Bank Apps,1.51,9912.00%,0.00%,0.00%,-,-,-,-,1.51,99.12
30/06/2022,Dhanlaxmi Bank Apps,0.01,270.00%,-,-,-,-,-,-,0.01,2.7
30/06/2022,Equitas Small Finance Bank Apps,0.01,387.00%,-,-,-,-,-,-,0.01,3.87
30/06/2022,Fave,0.12,694.00%,-,-,-,-,-,-,0.12,6.94
30/06/2022,Federal Bank Apps,3.55,49421.00%,-,-,-,-,-,-,3.55,494.21
30/06/2022,Fino Payments bank Apps,0.05,317.00%,-,-,-,-,-,-,0.05,3.17
30/06/2022,Finshell Pay,0.1,530.00%,-,-,-,-,-,-,0.1,5.3
30/06/2022,GoIbibo,0.01,387.00%,-,-,-,-,-,-,0.01,3.87
30/06/2022,Google Pay,"2,025.89","3,55,137.20",-,-,-,-,-,-,"2,025.89","3,55,137.20"
30/06/2022,Groww,0.72,41673.00%,-,-,-,-,-,-,0.72,416.73
30/06/2022,HDFC Bank Apps,8.24,206622.00%,-,-,-,-,-,-,8.24,"2,066.22"
30/06/2022,HSBC Bank Apps,0.11,6138.00%,0.00%,0.00%,0,0.00%,-,-,0.11,61.39
30/06/2022,ICICI Bank Apps,35.25,693144.00%,411.00%,327067.00%,0.01,3.00%,-,-,39.37,"10,202.14"
30/06/2022,IDBI Bank Apps,0.03,1571.00%,-,-,-,-,-,-,0.03,15.71
30/06/2022,IDFC Bank Apps,7.03,66365.00%,0.00%,0.00%,-,-,-,-,7.03,663.65
30/06/2022,India Post Payments Bank Apps,3.98,46734.00%,-,-,-,-,-,-,3.98,467.34
30/06/2022,Indian Bank Apps,0.17,5330.00%,0.00%,38.00%,-,-,-,-,0.17,53.68
30/06/2022,Indian Overseas Bank Apps,0.01,298.00%,-,-,-,-,-,-,0.01,2.98
30/06/2022,IndusInd Bank Apps,1,164513.00%,-,-,-,-,-,-,1,"1,645.13"
30/06/2022,Janata Sahakari Bank Apps,0.01,447.00%,-,-,-,-,-,-,0.01,4.47
30/06/2022,Jio Payments Bank Apps,1.87,11634.00%,-,-,-,-,-,-,1.87,116.34
30/06/2022,Jupiter,1.89,22322.00%,-,-,-,-,-,-,1.89,223.22
30/06/2022,Jupiter Edge (LivQuick PPI),0.13,872.00%,-,-,-,-,-,-,0.13,8.72
30/06/2022,Karnataka Bank Apps,0.32,4313.00%,-,-,-,-,-,-,0.32,43.13
30/06/2022,Karur Vysya Bank Apps,0.04,1591.00%,-,-,-,-,-,-,0.04,15.91
30/06/2022,Kotak Mahindra Bank Apps,8.33,175864.00%,1.00%,364.00%,-,-,-,-,8.33,"1,762.28"
30/06/2022,MakeMyTrip,0.11,5145.00%,-,-,-,-,-,-,0.11,51.45
30/06/2022,MI Pay,0.17,2961.00%,-,-,-,-,-,-,0.17,29.61
30/06/2022,Mobikwik,2.31,40463.00%,-,-,-,-,-,-,2.31,404.63
30/06/2022,NSDL Payments Bank Apps,0.02,244.00%,-,-,-,-,-,-,0.02,2.44
30/06/2022,Paytm Payments Bank App,778.87,8938878.00%,35.00%,41220.00%,-,-,98.28,"12,318.93",877.5,"1,02,119.90"
30/06/2022,PhonePe,"2,732.59","5,01,474.48",-,-,-,-,-,-,"2,732.59","5,01,474.48"
31/07/2022,Airtel Payments Bank Apps,7.4,55509.00%,-,-,0,0.00%,0,0.16,7.41,555.26
31/07/2022,Allahabad Bank Apps,0.03,695.00%,-,-,-,-,-,-,0.03,6.95
31/07/2022,Amazon Pay,68.77,675180.00%,-,-,-,-,-,-,68.77,"6,751.80"
31/07/2022,AU Small Finance Bank Apps,0.42,13149.00%,-,-,-,-,-,-,0.42,131.49
31/07/2022,Axis Bank Apps,7.35,117432.00%,4663.00%,3810.00%,0.02,153.00%,-,-,53.99,"1,213.95"
31/07/2022,Bajaj Finserv,1.95,12852.00%,-,-,-,-,-,-,1.95,128.52
31/07/2022,Bajaj Markets,0.02,166.00%,-,-,-,-,-,-,0.02,1.66
31/07/2022,Bandhan Bank Apps,0.01,135.00%,-,-,-,-,-,-,0.01,1.35
31/07/2022,Bank of Baroda Apps,0.88,35445.00%,-,-,0,0.00%,-,-,0.88,354.45
31/07/2022,Bank of India Apps,0.15,4644.00%,-,-,-,-,-,-,0.15,46.44
31/07/2022,Bank of Maharashtra Apps,0.06,1647.00%,-,-,-,-,-,-,0.06,16.47
31/07/2022,BHIM,24.48,782395.00%,-,-,-,-,-,-,24.48,"7,823.95"
31/07/2022,Canara Bank Apps,0.47,12879.00%,-,-,-,-,-,-,0.47,128.79
31/07/2022,Central Bank of India Apps,0.22,5837.00%,-,-,0,0.00%,-,-,0.22,58.37
31/07/2022,Citi Bank Apps,0.11,6366.00%,-,-,0,0.00%,-,-,0.11,63.66
31/07/2022,City Union Bank Apps,0.03,1019.00%,-,-,-,-,-,-,0.03,10.19
31/07/2022,Cointab,0.07,2730.00%,-,-,-,-,-,-,0.07,27.3
31/07/2022,Cred,14.89,1971643.00%,-,-,-,-,-,-,14.89,"19,716.43"
31/07/2022,DBS Digibank Apps,0.47,17927.00%,-,-,-,-,-,-,0.47,179.27
31/07/2022,Deutsche Bank Apps,1.87,11600.00%,-,-,0,1.00%,-,-,1.87,116.01
31/07/2022,Dhanlaxmi Bank Apps,0.01,286.00%,-,-,-,-,-,-,0.01,2.86
31/07/2022,Equitas Small Finance Bank Apps,0.01,489.00%,-,-,-,-,-,-,0.01,4.89
31/07/2022,Fave,0.16,1106.00%,-,-,-,-,-,-,0.16,11.06
31/07/2022,Federal Bank Apps,3.85,53955.00%,-,-,0,0.00%,-,-,3.85,539.55
31/07/2022,Fino Payments Bank Apps,0.06,426.00%,-,-,-,-,-,-,0.06,4.26
31/07/2022,GoIbibo,0.01,510.00%,-,-,-,-,-,-,0.01,5.1
31/07/2022,Google Pay,"2,130.63","3,66,669.09",-,-,-,-,-,-,"2,130.63","3,66,669.09"
31/07/2022,Groww,0.49,29031.00%,-,-,-,-,-,-,0.49,290.31
31/07/2022,HDFC Bank Apps,9.38,234128.00%,-,-,-,-,-,-,9.38,"2,341.28"
31/07/2022,HSBC Bank Apps,0.11,6843.00%,0.00%,4.00%,0,0.00%,-,-,0.11,68.47
31/07/2022,ICICI Bank Apps,32.53,774519.00%,46.00%,3224.00%,4.36,373187.00%,-,-,37.34,"11,509.29"
31/07/2022,IDBI Bank Apps,0.03,1642.00%,-,-,-,-,-,-,0.03,16.42
31/07/2022,IDFC Bank Apps,8.28,64534.00%,-,-,0,0.00%,-,-,8.28,645.34
31/07/2022,India Post Payments Bank Apps,4.08,48059.00%,-,-,-,-,-,-,4.08,480.59
31/07/2022,Indian Bank Apps,0.2,5815.00%,-,-,0.01,1323.00%,-,-,0.21,71.39
31/07/2022,Indian Overseas Bank Apps,0.01,374.00%,-,-,-,-,-,-,0.01,3.74
31/07/2022,IndusInd Bank Apps,0.99,165226.00%,-,-,-,-,-,-,0.99,"1,652.26"
31/07/2022,Janata Sahakari Bank Apps,0.01,415.00%,-,-,-,-,-,-,0.01,4.15
31/07/2022,Jio Payments Bank Apps,1.9,11659.00%,-,-,-,-,-,-,1.9,116.59
31/07/2022,Jupiter,2.1,25414.00%,-,-,-,-,-,-,2.1,254.14
31/07/2022,Karnataka Bank Apps,0.35,4801.00%,-,-,-,-,-,-,0.35,48.01
31/07/2022,Karur Vysya Bank Apps,0.04,1566.00%,-,-,-,-,-,-,0.04,15.66
31/07/2022,Kotak Mahindra Bank Apps,8.86,181587.00%,-,-,0,46.00%,-,-,8.86,"1,816.33"
31/07/2022,MakeMyTrip,0.13,5819.00%,-,-,-,-,-,-,0.13,58.19
31/07/2022,MI Pay,0.16,2698.00%,-,-,-,-,-,-,0.16,26.98
31/07/2022,Mobikwik,2.48,46217.00%,-,-,-,-,-,-,2.48,462.17
31/07/2022,NSDL Payments Bank Apps,0.02,350.00%,-,-,-,-,-,-,0.02,3.5
31/07/2022,Paytm Payments Bank App,828.63,9450777.00%,55.00%,191.00%,0.38,46562.00%,104.32,"16,174.36",933.88,"1,11,149.66"
31/07/2022,PhonePe,"2,993.83","5,24,742.49",-,-,-,-,-,-,"2,993.83","5,24,742.49"
31/07/2022,Punjab National Bank Apps,0.07,3570.00%,-,-,-,-,-,-,0.07,35.7
31/08/2022,Airtel Payments Bank Apps,7.96,60838.00%,-,-,0,0.01,0,0.11,7.96,608.5
31/08/2022,Allahabad Bank Apps,0.03,770.00%,-,-,-,-,-,-,0.03,7.7
31/08/2022,Amazon Pay,62.43,635315.00%,-,-,-,-,-,-,62.43,"6,353.15"
31/08/2022,AU Small Finance Bank Apps,0.45,13870.00%,-,-,-,-,-,-,0.45,138.7
31/08/2022,Axis Bank Apps,7.39,131376.00%,5070.00%,4271.00%,0.02,1.42,-,-,58.11,"1,357.89"
31/08/2022,Bajaj Finserv,2.45,17859.00%,-,-,-,-,-,-,2.45,178.59
31/08/2022,Bajaj Markets,0.02,158.00%,-,-,-,-,-,-,0.02,1.58
31/08/2022,Bandhan Bank Apps,0.01,125.00%,-,-,-,-,-,-,0.01,1.25
31/08/2022,Bank of Baroda Apps,0.99,38342.00%,-,-,0,0,-,-,0.99,383.43
31/08/2022,Bank of India Apps,0.17,5481.00%,-,-,-,-,-,-,0.17,54.81
31/08/2022,Bank of Maharashtra Apps,0.07,1719.00%,-,-,-,-,-,-,0.07,17.19
31/08/2022,BHIM,24.99,786048.00%,-,-,-,-,-,-,24.99,"7,860.48"
31/08/2022,Canara Bank Apps,0.67,17637.00%,-,-,-,-,-,-,0.67,176.37
31/08/2022,Central Bank of India Apps,0.24,6459.00%,-,-,0,0.01,-,-,0.24,64.59
31/08/2022,Citi Bank Apps,0.11,6308.00%,-,-,0,0,-,-,0.11,63.08
31/08/2022,City Union Bank Apps,0.04,1145.00%,-,-,-,-,-,-,0.04,11.45
31/08/2022,Cointab,0.06,2498.00%,-,-,-,-,-,-,0.06,24.98
31/08/2022,Cred,14.81,1908430.00%,-,-,-,-,-,-,14.81,"19,084.30"
31/08/2022,DBS Digibank Apps,0.48,17876.00%,-,-,-,-,-,-,0.48,178.76
31/08/2022,Deutsche Bank Apps,1.98,11921.00%,-,-,0,0.01,-,-,1.98,119.21
31/08/2022,Dhanlaxmi Bank Apps,0.01,310.00%,-,-,-,-,-,-,0.01,3.1
31/08/2022,Equitas Small Finance Bank Apps,0.01,494.00%,-,-,-,-,-,-,0.01,4.94
31/08/2022,Fave,0.14,771.00%,-,-,-,-,-,-,0.14,7.71
31/08/2022,Federal Bank Apps,3.8,52020.00%,-,-,0,0,-,-,3.8,520.2
31/08/2022,Fino Payments bank Apps,0.08,505.00%,-,-,-,-,-,-,0.08,5.05
31/08/2022,GoIbibo,0.01,482.00%,-,-,-,-,-,-,0.01,4.82
31/08/2022,Google Pay,"2,212.73",37108116.00%,-,-,-,-,-,-,"2,212.73","371,081.16"
31/08/2022,Groww,0.8,49093.00%,-,-,-,-,-,-,0.8,490.93
31/08/2022,HDFC Bank Apps,9.83,241547.00%,-,-,-,-,-,-,9.83,"2,415.47"
31/08/2022,HSBC Bank Apps,0.11,6570.00%,0.00%,44.00%,0,0,-,-,0.11,66.14
31/08/2022,ICICI Bank Apps,36.96,833498.00%,496.00%,40652.00%,3.68,"1,983.75",-,-,45.59,"10,725.25"
31/08/2022,IDBI Bank Apps,0.04,2031.00%,-,-,-,-,-,-,0.04,20.31
31/08/2022,IDFC Bank Apps,10.19,76241.00%,-,-,0,0,-,-,10.19,762.41
31/08/2022,India Post Payments Bank Apps,4.3,50441.00%,-,-,-,-,-,-,4.3,504.41
31/08/2022,Indian Bank Apps,0.22,6310.00%,-,-,0,0.23,-,-,0.22,63.33
31/08/2022,Indian Overseas Bank Apps,0.01,466.00%,-,-,-,-,-,-,0.01,4.66
31/08/2022,IndusInd Bank Apps,1.01,160556.00%,-,-,-,-,-,-,1.01,"1,605.56"
31/08/2022,Janata Sahakari Bank Apps,0.01,456.00%,-,-,-,-,-,-,0.01,4.56
31/08/2022,Jio Payments Bank Apps,1.85,11328.00%,-,-,-,-,-,-,1.85,113.28
31/08/2022,Jupiter,2.03,24920.00%,-,-,-,-,-,-,2.03,249.2
31/08/2022,Karnataka Bank Apps,0.38,5532.00%,-,-,-,-,-,-,0.38,55.32
31/08/2022,Karur Vysya Bank Apps,0.04,1654.00%,-,-,-,-,-,-,0.04,16.54
31/08/2022,Kotak Mahindra Bank Apps,9.28,193914.00%,-,-,0,0,-,-,9.28,"1,939.14"
31/08/2022,MakeMyTrip,0.15,6267.00%,-,-,-,-,-,-,0.15,62.67
31/08/2022,MI Pay,0.15,2480.00%,-,-,-,-,-,-,0.15,24.8
31/08/2022,Mobikwik,2.84,56295.00%,-,-,-,-,-,-,2.84,562.95
31/08/2022,NSDL Payments Bank Apps,0.02,285.00%,-,-,-,-,-,-,0.02,2.85
31/08/2022,Paytm Payments Bank App,871.86,9603411.00%,411.00%,1037.00%,0.38,458.24,110.05,"17,714.37",986.39,"114,217.10"
30/09/2022,PhonePe,"3,146.71",52843349.00%,-,-,-,-,-,-,"3,146.71","528,433.49"
30/09/2022,Punjab National Bank Apps,0.09,4341.00%,-,-,-,-,-,-,0.09,43.41
30/09/2022,Airtel Payments Bank Apps,9.14,68076.00%,-,-,0,2.00%,0,0.11,9.15,680.89
30/09/2022,Allahabad Bank Apps,0.03,810.00%,-,-,-,-,-,-,0.03,8.1
30/09/2022,Amazon Pay,57.38,601531.00%,-,-,-,-,-,-,57.38,"6,015.31"
30/09/2022,AU Small Finance Bank Apps,0.48,14890.00%,-,-,-,-,-,-,0.48,148.9
30/09/2022,Axis Bank Apps,7.46,142109.00%,5024.00%,4613.00%,0.02,185.00%,-,-,57.72,"1,469.07"
30/09/2022,Bajaj Finserv,3.29,23481.00%,-,-,-,-,-,-,3.29,234.81
30/09/2022,Bajaj Markets,0.01,138.00%,-,-,-,-,-,-,0.01,1.38
30/09/2022,Bandhan Bank Apps,0.01,188.00%,-,-,-,-,-,-,0.01,1.88
30/09/2022,Bank of Baroda Apps,1.11,44384.00%,-,-,0,0.00%,-,-,1.11,443.85
30/09/2022,Bank of India Apps,0.18,5459.00%,-,-,-,-,-,-,0.18,54.59
30/09/2022,Bank of Maharashtra Apps,0.07,1723.00%,-,-,-,-,-,-,0.07,17.23
30/09/2022,BHIM,25.17,830865.00%,-,-,-,-,-,-,25.17,"8,308.65"
30/09/2022,Canara Bank Apps,0.78,20718.00%,-,-,0,0.00%,-,-,0.78,207.18
30/09/2022,Central Bank of India Apps,0.28,6837.00%,-,-,0,1.00%,-,-,0.28,68.38
30/09/2022,Citi Bank Apps,0.1,6700.00%,-,-,0,0.00%,-,-,0.1,67
30/09/2022,City Union Bank Apps,0.04,1245.00%,-,-,-,-,-,-,0.04,12.45
30/09/2022,Cointab,0.04,1935.00%,-,-,-,-,-,-,0.04,19.35
30/09/2022,Cred,14.96,1923792.00%,-,-,-,-,-,-,14.96,"19,237.92"
30/09/2022,DBS Digibank Apps,0.43,17691.00%,-,-,-,-,-,-,0.43,176.91
30/09/2022,Deutsche Bank Apps,1.58,9843.00%,-,-,0,1.00%,-,-,1.58,98.43
30/09/2022,Dhanlaxmi Bank Apps,0.01,287.00%,-,-,-,-,-,-,0.01,2.87
30/09/2022,Equitas Small Finance Bank Apps,0.02,876.00%,-,-,-,-,-,-,0.02,8.76
30/09/2022,Fave,0.08,440.00%,-,-,-,-,-,-,0.08,4.4
30/09/2022,Federal Bank Apps,3.84,54995.00%,-,-,0,0.00%,-,-,3.84,549.95
30/09/2022,Fino Payments bank Apps,0.08,566.00%,-,-,-,-,-,-,0.08,5.66
30/09/2022,GoIbibo,0.01,358.00%,-,-,-,-,-,-,0.01,3.58
30/09/2022,Google Pay,"2,296.14",38799614.00%,-,-,-,-,-,-,"2,296.14","387,996.14"
30/09/2022,Groww,0.11,6803.00%,-,-,-,-,-,-,0.11,68.03
30/09/2022,HDFC Bank Apps,10.98,268610.00%,-,-,-,-,-,-,10.98,"2,686.10"
30/09/2022,HSBC Bank Apps,0.12,7014.00%,0.00%,43.00%,0,0.00%,-,-,0.12,70.56
30/09/2022,ICICI Bank Apps,26.54,686250.00%,484.00%,36684.00%,3.45,317247.00%,-,-,34.84,"10,401.81"
30/09/2022,IDBI Bank Apps,0.05,2418.00%,-,-,-,-,-,-,0.05,24.18
30/09/2022,IDFC Bank Apps,11.53,82451.00%,-,-,0,1.00%,-,-,11.53,824.52
30/09/2022,India Post Payments Bank Apps,5.22,57275.00%,-,-,-,-,-,-,5.22,572.75
30/09/2022,Indian Bank Apps,0.21,6362.00%,-,-,0,196.00%,-,-,0.21,65.58
30/09/2022,Indian Overseas Bank Apps,0.02,479.00%,-,-,-,-,-,-,0.02,4.79
30/09/2022,IndusInd Bank Apps,1.04,143951.00%,-,-,-,-,-,-,1.04,"1,439.51"
30/09/2022,Janata Sahakari Bank Apps,0.01,442.00%,-,-,-,-,-,-,0.01,4.42
30/09/2022,Jio Payments Bank Apps,1.4,9036.00%,-,-,-,-,-,-,1.4,90.36
30/09/2022,Jupiter,2.09,25971.00%,-,-,-,-,-,-,2.09,259.71
30/09/2022,Karnataka Bank Apps,0.4,6384.00%,-,-,-,-,-,-,0.4,63.84
30/09/2022,Karur Vysya Bank Apps,0.04,1674.00%,-,-,-,-,-,-,0.04,16.74
30/09/2022,Kotak Mahindra Bank Apps,10.52,223060.00%,-,-,0,0.00%,-,-,10.52,"2,230.61"
30/09/2022,MakeMyTrip,0.1,4783.00%,-,-,-,-,-,-,0.1,47.83
30/09/2022,MI Pay,0.03,387.00%,-,-,-,-,-,-,0.03,3.87
30/09/2022,Mobikwik,3.04,63271.00%,-,-,-,-,-,-,3.04,632.71
30/09/2022,NSDL Payments Bank Apps,0.02,279.00%,-,-,-,-,-,-,0.02,2.79
31/10/2022,Airtel Payments Bank Apps,9.44,77504.00%,-,-,0,0.00%,0,0.14,9.44,775.19
31/10/2022,Allahabad Bank Apps,0.03,933.00%,-,-,-,-,-,-,0.03,9.33
31/10/2022,Amazon Pay,56.42,606050.00%,-,-,-,-,-,-,56.42,"6,060.50"
31/10/2022,AU Small Finance Bank Apps,0.54,16199.00%,-,-,-,-,-,-,0.54,161.99
31/10/2022,Axis Bank Apps,7.83,150228.00%,5213.00%,5148.00%,0.03,209.00%,-,-,59.99,"1,555.84"
31/10/2022,Bajaj Finserv,4.12,47271.00%,-,-,-,-,-,-,4.12,472.71
31/10/2022,Bank of Baroda Apps,1.23,46623.00%,-,-,0,0.00%,-,-,1.23,466.23
31/10/2022,Bank of India Apps,0.2,5997.00%,-,-,-,-,-,-,0.2,59.97
31/10/2022,Bank of Maharashtra Apps,0.07,2010.00%,-,-,-,-,-,-,0.07,20.1
31/10/2022,BHIM,25.49,852317.00%,-,-,-,-,-,-,25.49,"8,523.17"
31/10/2022,Canara Bank Apps,0.81,21907.00%,-,-,-,-,-,-,0.81,219.07
31/10/2022,Central Bank of India Apps,0.3,7164.00%,-,-,0,2.00%,-,-,0.3,71.66
31/10/2022,Citi Bank Apps,0.09,6683.00%,-,-,0,0.00%,-,-,0.09,66.83
31/10/2022,City Union Bank Apps,0.04,1285.00%,-,-,-,-,-,-,0.04,12.85
31/10/2022,Cointab,0.03,1167.00%,-,-,-,-,-,-,0.03,11.67
31/10/2022,Cred,21.28,2025970.00%,-,-,-,-,-,-,21.28,"20,259.70"
31/10/2022,DBS Digibank Apps,0.43,17926.00%,-,-,0,0.00%,-,-,0.43,179.26
31/10/2022,Deutsche Bank Apps,1.25,11193.00%,-,-,0,1.00%,-,-,1.26,111.93
31/10/2022,Dhanlaxmi Bank Apps,0.01,321.00%,-,-,-,-,-,-,0.01,3.21
31/10/2022,Equitas Small Finance Bank Apps,0.02,828.00%,-,-,-,-,-,-,0.02,8.28
31/10/2022,Fampay PPI,4.06,5679.00%,-,-,0,1.00%,-,-,4.06,56.79
31/10/2022,Fave,0.04,253.00%,-,-,-,-,-,-,0.04,2.53
31/10/2022,Federal Bank Apps,4.19,57492.00%,-,-,0,0.00%,-,-,4.19,574.92
31/10/2022,Fino Payments bank Apps,0.09,646.00%,-,-,-,-,-,-,0.09,6.46
31/10/2022,GoIbibo,0.01,184.00%,-,-,-,-,-,-,0.01,1.84
31/10/2022,Google Pay,"2,496.42","4,20,978.38",-,-,-,-,-,-,"2,496.42","4,20,978.38"
31/10/2022,HDFC Bank Apps,11.96,299727.00%,-,-,0,3.00%,-,-,11.96,"2,997.29"
31/10/2022,HSBC Bank Apps,0.14,7742.00%,0.00%,38.00%,0,0.00%,-,-,0.14,77.8
31/10/2022,ICICI Bank Apps,31.22,807399.00%,504.00%,38141.00%,5.34,607412.00%,-,-,41.61,"14,529.52"
31/10/2022,IDBI Bank Apps,0.06,2592.00%,-,-,-,-,-,-,0.06,25.92
31/10/2022,IDFC Bank Apps,9.98,88844.00%,-,-,0,0.00%,-,-,9.98,888.45
31/10/2022,India Post Payments Bank Apps,4.7,63043.00%,-,-,-,-,-,-,4.7,630.43
31/10/2022,Indian Bank Apps,0.23,6897.00%,-,-,-,-,-,-,0.23,68.97
31/10/2022,Indian Overseas Bank Apps,0.01,472.00%,-,-,-,-,-,-,0.01,4.72
31/10/2022,IndusInd Bank Apps,1.15,151668.00%,-,-,-,-,-,-,1.15,"1,516.68"
31/10/2022,Janata Sahakari Bank Apps,0.01,480.00%,-,-,-,-,-,-,0.01,4.8
31/10/2022,Jio Payments Bank Apps,1.38,9887.00%,-,-,-,-,-,-,1.38,98.87
31/10/2022,Jupiter,2.18,28043.00%,-,-,-,-,-,-,2.18,280.43
31/10/2022,Karnataka Bank Apps,0.43,7662.00%,-,-,-,-,-,-,0.43,76.62
31/10/2022,Karur Vysya Bank Apps,0.04,1762.00%,-,-,-,-,-,-,0.04,17.62
31/10/2022,Kotak Mahindra Bank Apps,11.46,242665.00%,-,-,0,0.00%,-,-,11.46,"2,426.65"
31/10/2022,MakeMyTrip,0.07,3185.00%,-,-,-,-,-,-,0.07,31.85
31/10/2022,Mobikwik,3.28,70812.00%,-,-,-,-,-,-,3.28,708.12
31/10/2022,NSDL Payments Bank Apps,0.02,313.00%,-,-,-,-,-,-,0.02,3.13
31/10/2022,Paytm Payments Bank App,995.34,"1,12,062.51",490.00%,1436.00%,0.43,54132.00%,108.92,"21,002.36","1,109.60","1,33,620.54"
31/10/2022,PhonePe,"3,452.87","5,93,759.02",-,-,-,-,-,-,"3,452.87","5,93,759.02"
31/10/2022,Punjab National Bank Apps,0.15,6277.00%,-,-,-,-,-,-,0.15,62.77
31/10/2022,Punjab Sind Bank Apps,0.02,805.00%,-,-,-,-,-,-,0.02,8.05
31/10/2022,RBL Bank Apps,1.07,24344.00%,0.00%,1.00%,0.01,171.00%,-,-,1.08,245.16
31/10/2022,Samsung Pay,5.09,55433.00%,-,-,-,-,-,-,5.09,554.33
30/11/2022,Airtel Payments Bank Apps,8.73,67100.00%,-,-,0,0.00%,0,0.09,8.73,671.09
30/11/2022,Allahabad Bank Apps,0.03,898.00%,-,-,-,-,-,-,0.03,8.98
30/11/2022,Amazon Pay,59.76,587336.00%,-,-,-,-,-,-,59.76,"5,873.36"
30/11/2022,Andhra Bank Apps,0.01,153.00%,-,-,-,-,-,-,0.01,1.53
30/11/2022,AU Small Finance Bank Apps,0.53,16030.00%,-,-,0,0.00%,-,-,0.53,160.3
30/11/2022,Axis Bank Apps,6.16,106161.00%,7159.00%,5735.00%,0.03,228.00%,-,-,77.77,"1,121.24"
30/11/2022,Bajaj Finserv,3.9,46441.00%,-,-,-,-,-,-,3.9,464.41
30/11/2022,Bandhan Bank Apps,0.01,121.00%,-,-,-,-,-,-,0.01,1.21
30/11/2022,Bank of Baroda Apps,1.26,45580.00%,-,-,0,0.00%,-,-,1.26,455.8
30/11/2022,Bank of India Apps,0.2,5787.00%,-,-,-,-,-,-,0.2,57.87
30/11/2022,Bank of Maharashtra Apps,0.07,1829.00%,-,-,-,-,-,-,0.07,18.29
30/11/2022,BHIM,25.01,814483.00%,-,-,-,-,-,-,25.01,"8,144.83"
30/11/2022,Canara Bank Apps,0.86,23251.00%,-,-,-,-,-,-,0.86,232.51
30/11/2022,Central Bank of India Apps,0.27,6329.00%,-,-,0,2.00%,-,-,0.27,63.31
30/11/2022,Citi Bank Apps,0.13,6076.00%,-,-,0,0.00%,-,-,0.13,60.76
30/11/2022,City Union Bank Apps,0.04,1258.00%,-,-,-,-,-,-,0.04,12.58
30/11/2022,Cointab,0.03,1387.00%,-,-,-,-,-,-,0.03,13.87
30/11/2022,Cred,25.63,1859972.00%,-,-,-,-,-,-,25.63,"18,599.72"
30/11/2022,DBS Digibank Apps,0.4,16955.00%,-,-,0,0.00%,-,-,0.41,169.55
30/11/2022,Deutsche Bank Apps,1.3,10420.00%,-,-,0,1.00%,-,-,1.3,104.21
30/11/2022,Dhanlaxmi Bank Apps,0.01,275.00%,-,-,-,-,-,-,0.01,2.75
30/11/2022,Equitas Small Finance Bank Apps,0.02,982.00%,-,-,-,-,-,-,0.02,9.82
30/11/2022,Fampay PPI,4.88,6475.00%,-,-,0,0.00%,-,-,4.88,64.75
30/11/2022,Fave,0.05,283.00%,-,-,-,-,-,-,0.05,2.83
30/11/2022,Federal Bank Apps,4.11,55397.00%,-,-,0,0.00%,-,-,4.11,553.97
30/11/2022,Fino Payments bank Apps,0.1,661.00%,-,-,-,-,-,-,0.1,6.61
30/11/2022,Google Pay,"2,541.14",40971475.00%,-,-,-,-,-,-,"2,541.14","409,714.75"
30/11/2022,Groww,0.05,3646.00%,-,-,-,-,-,-,0.05,36.46
30/11/2022,HDFC Bank Apps,10.66,275827.00%,-,-,0,18.00%,-,-,10.66,"2,758.45"
30/11/2022,HSBC Bank Apps,0.12,7251.00%,0.00%,6.00%,0,0.00%,-,-,0.12,72.58
30/11/2022,ICICI Bank Apps,33.4,782907.00%,432.00%,33450.00%,6.36,658724.00%,-,-,44.07,"14,750.80"
30/11/2022,IDBI Bank Apps,0.06,2478.00%,-,-,-,-,-,-,0.06,24.78
30/11/2022,IDFC Bank Apps,10.46,89521.00%,-,-,0.01,816.00%,-,-,10.47,903.37
30/11/2022,India Post Payments Bank Apps,4.66,58914.00%,-,-,-,-,-,-,4.66,589.14
30/11/2022,Indian Bank Apps,0.23,6720.00%,-,-,-,-,-,-,0.23,67.2
30/11/2022,Indian Overseas Bank Apps,0.01,248.00%,-,-,-,-,-,-,0.01,2.48
30/11/2022,IndusInd Bank Apps,1.2,122413.00%,-,-,-,-,-,-,1.2,"1,224.13"
30/11/2022,Janata Sahakari Bank Apps,0.01,399.00%,-,-,-,-,-,-,0.01,3.99
30/11/2022,Jio Payments Bank Apps,1.31,9623.00%,-,-,-,-,-,-,1.31,96.23
30/11/2022,Jupiter,2.16,27552.00%,-,-,-,-,-,-,2.16,275.52
30/11/2022,Karnataka Bank Apps,0.4,7482.00%,-,-,-,-,-,-,0.4,74.82
30/11/2022,Karur Vysya Bank Apps,0.04,1623.00%,-,-,-,-,-,-,0.04,16.23
30/11/2022,Kotak Mahindra Bank Apps,10.93,230490.00%,-,-,0,0.00%,-,-,10.93,"2,304.90"
30/11/2022,MakeMyTrip,0.02,769.00%,-,-,-,-,-,-,0.02,7.69
30/11/2022,Mobikwik,3.46,76267.00%,-,-,-,-,-,-,3.46,762.67
30/11/2022,NSDL Payments Bank Apps,0.02,270.00%,-,-,-,-,-,-,0.02,2.7
30/11/2022,Paytm Payments Bank App,973.85,10900843.00%,412.00%,1481.00%,0.37,49176.00%,103.13,"19,290.91","1,081.47","128,805.91"
30/11/2022,PhonePe,"3,418.75",59132761.00%,-,-,-,-,-,-,"3,418.75","591,327.61"
31/12/2022,Airtel Payments Bank Apps,8.69,68155.00%,-,-,0,0.00%,0,0.12,8.7,681.67
31/12/2022,Allahabad Bank Apps,0.03,975.00%,-,-,-,-,-,-,0.03,9.75
31/12/2022,Amazon Pay,69.61,662166.00%,-,-,-,-,-,-,69.61,"6,621.66"
31/12/2022,AU Small Finance Bank Apps,0.58,17747.00%,-,-,-,-,-,-,0.58,177.47
31/12/2022,Axis Bank Apps,7.26,124636.00%,5827.00%,5630.00%,0.03,244.00%,-,-,65.56,"1,305.09"
31/12/2022,Bajaj Finserv,4.56,64771.00%,-,-,-,-,-,-,4.56,647.71
31/12/2022,Bandhan Bank Apps,0.01,153.00%,-,-,-,-,-,-,0.01,1.53
31/12/2022,Bank of Baroda Apps,1.02,39756.00%,-,-,0,0.00%,-,-,1.02,397.56
31/12/2022,Bank of India Apps,0.22,6432.00%,-,-,-,-,-,-,0.22,64.32
31/12/2022,Bank of Maharashtra Apps,0.08,1991.00%,-,-,-,-,-,-,0.08,19.91
31/12/2022,BHIM,25.5,840004.00%,-,-,-,-,-,-,25.5,"8,400.04"
31/12/2022,Canara Bank Apps,1.02,27570.00%,-,-,-,-,-,-,1.02,275.7
31/12/2022,Central Bank of India Apps,0.26,6028.00%,-,-,0,5.00%,-,-,0.26,60.32
31/12/2022,Citi Bank Apps,0.09,6838.00%,-,-,0,0.00%,-,-,0.09,68.38
31/12/2022,City Union Bank Apps,0.05,1438.00%,-,-,-,-,-,-,0.05,14.38
31/12/2022,Cointab,0.05,1898.00%,-,-,-,-,-,-,0.05,18.98
31/12/2022,Cred,31.42,1962229.00%,-,-,-,-,-,-,31.42,"19,622.29"
31/12/2022,DBS Digibank Apps,0.41,17159.00%,-,-,-,-,-,-,0.41,171.59
31/12/2022,Deutsche Bank Apps,1.28,10447.00%,-,-,0,1.00%,-,-,1.28,104.49
31/12/2022,Dhanlaxmi Bank Apps,0.01,316.00%,-,-,-,-,-,-,0.01,3.16
31/12/2022,Equitas Small Finance Bank Apps,0.02,1169.00%,-,-,-,-,-,-,0.02,11.69
31/12/2022,Fampay PPI,9.7,12718.00%,-,-,0,1.00%,-,-,9.7,127.19
31/12/2022,Fave,0.08,501.00%,-,-,-,-,-,-,0.08,5.01
31/12/2022,Federal Bank Apps,4.57,59517.00%,-,-,0,1.00%,-,-,4.57,595.18
31/12/2022,Fino Payments bank Apps,0.11,749.00%,-,-,-,-,-,-,0.11,7.49
31/12/2022,Google Pay,"2,712.34",44037099.00%,-,-,-,-,-,-,"2,712.34","440,370.99"
31/12/2022,Groww,0.21,15302.00%,-,-,-,-,-,-,0.21,153.02
31/12/2022,HDFC Bank Apps,11.81,314308.00%,-,-,0,15.00%,-,-,11.81,"3,143.24"
31/12/2022,HSBC Bank Apps,0.15,7859.00%,0.00%,5.00%,0,0.00%,-,-,0.15,78.63
31/12/2022,ICICI Bank Apps,36.74,881595.00%,517.00%,41868.00%,6.38,689051.00%,-,-,48.29,"16,125.15"
31/12/2022,IDBI Bank Apps,0.07,2950.00%,-,-,-,-,-,-,0.07,29.5
31/12/2022,IDFC Bank Apps,9.55,118460.00%,-,-,0.16,13838.00%,-,-,9.7,"1,322.98"
31/12/2022,India Post Payments Bank Apps,5.55,68259.00%,-,-,-,-,-,-,5.55,682.59
31/12/2022,Indian Bank Apps,0.25,7371.00%,-,-,0,0.00%,-,-,0.25,73.71
31/12/2022,Indian Overseas Bank Apps,0.01,290.00%,-,-,-,-,-,-,0.01,2.9
31/12/2022,IndusInd Bank Apps,1.26,106240.00%,-,-,-,-,-,-,1.26,"1,062.40"
31/12/2022,Janata Sahakari Bank Apps,0.01,458.00%,-,-,-,-,-,-,0.01,4.58
31/12/2022,Jio Payments Bank Apps,1.48,10471.00%,-,-,-,-,-,-,1.48,104.71
31/12/2022,Jupiter,2.53,31803.00%,-,-,-,-,-,-,2.53,318.03
31/12/2022,Karnataka Bank Apps,0.48,9109.00%,-,-,-,-,-,-,0.48,91.09
31/12/2022,Karur Vysya Bank Apps,0.04,1487.00%,-,-,-,-,-,-,0.04,14.87
31/12/2022,Kotak Mahindra Bank Apps,11.53,248017.00%,-,-,0,1.00%,-,-,11.53,"2,480.18"
31/12/2022,MakeMyTrip,0.1,5230.00%,-,-,-,-,-,-,0.1,52.3
31/12/2022,Mobikwik,3.62,80682.00%,-,-,-,-,-,-,3.62,806.82
31/12/2022,NSDL Payments Bank Apps,0.02,295.00%,-,-,-,-,-,-,0.02,2.95
31/12/2022,Paytm Payments Bank App,"1,054.05",11806981.00%,608.00%,1686.00%,0.43,58052.00%,109.79,"20,154.47","1,170.34","138,821.66"
31/12/2022,PhonePe,"3,674.24",63934878.00%,-,-,-,-,-,-,"3,674.24","639,348.78"
31/12/2022,Punjab National Bank Apps,0.22,7670.00%,-,-,-,-,-,-,0.22,76.7
31/12/2022,Punjab Sind Bank Apps,0.03,1048.00%,-,-,-,-,-,-,0.03,10.48
31/12/2022,RBL Bank Apps,0.92,21440.00%,0.00%,1.00%,0.18,89.00%,-,-,1.1,215.3
31/01/2023,Airtel Payments Bank Apps,9.77,83452.00%,-,-,0,2.00%,0,0.1,9.77,834.63
31/01/2023,Allahabad Bank Apps,0.03,917.00%,-,-,-,-,-,-,0.03,9.17
31/01/2023,Amazon Pay,57.75,579703.00%,-,-,-,-,-,-,57.75,"5,797.03"
31/01/2023,AU Small Finance Bank Apps,0.58,18145.00%,-,-,-,-,-,-,0.58,181.45
31/01/2023,Axis Bank Apps,8.24,141965.00%,4800.00%,4347.00%,0.03,451.00%,-,-,56.28,"1,467.64"
31/01/2023,Bajaj Finserv,5.01,81240.00%,-,-,-,-,-,-,5.01,812.4
31/01/2023,Bajaj Markets,0.01,50.00%,-,-,-,-,-,-,0.01,0.5
31/01/2023,Bandhan Bank Apps,0.01,147.00%,-,-,-,-,-,-,0.01,1.47
31/01/2023,Bank of Baroda Apps,1.1,42346.00%,-,-,0,0.00%,-,-,1.1,423.46
31/01/2023,Bank of India Apps,0.24,7034.00%,-,-,-,-,-,-,0.24,70.34
31/01/2023,Bank of Maharashtra Apps,0.08,2039.00%,-,-,-,-,-,-,0.08,20.39
31/01/2023,BHIM,24.96,816465.00%,-,-,-,-,-,-,24.96,"8,164.65"
31/01/2023,Canara Bank Apps,1.08,28929.00%,-,-,-,-,-,-,1.08,289.29
31/01/2023,Central Bank of India Apps,0.31,6865.00%,-,-,0,2.00%,-,-,0.31,68.68
31/01/2023,Citi Bank Apps,0.12,7181.00%,-,-,0,0.00%,-,-,0.12,71.81
31/01/2023,City Union Bank Apps,0.05,1551.00%,-,-,-,-,-,-,0.05,15.51
31/01/2023,Cointab,0.05,2116.00%,-,-,-,-,-,-,0.05,21.16
31/01/2023,Cred,35.18,1910682.00%,-,-,-,-,-,-,35.18,"19,106.82"
31/01/2023,DBS Digibank Apps,0.41,17402.00%,-,-,-,-,-,-,0.41,174.02
31/01/2023,Deutsche Bank Apps,1.3,13172.00%,-,-,0.02,1858.00%,-,-,1.31,150.29
31/01/2023,Dhanlaxmi Bank Apps,0.01,276.00%,-,-,-,-,-,-,0.01,2.76
31/01/2023,Equitas Small Finance Bank Apps,0.02,1302.00%,-,-,-,-,-,-,0.02,13.02
31/01/2023,Eroute,0.08,229.00%,-,-,-,-,-,-,0.08,2.29
31/01/2023,Fampay PPI,12.8,17563.00%,-,-,0,1.00%,-,-,12.8,175.64
31/01/2023,Fave,0.11,787.00%,-,-,-,-,-,-,0.11,7.87
31/01/2023,Federal Bank Apps,4.72,60460.00%,-,-,0,0.00%,-,-,4.72,604.61
31/01/2023,Fino Payments bank Apps,0.11,751.00%,-,-,-,-,-,-,0.11,7.51
31/01/2023,GoIbibo,0.01,160.00%,-,-,-,-,-,-,0.01,1.6
31/01/2023,Google Pay,"2,782.42",44372501.00%,-,-,-,-,-,-,"2,782.42","443,725.01"
31/01/2023,Groww,0.19,15217.00%,-,-,-,-,-,-,0.19,152.17
31/01/2023,HDFC Bank Apps,12.3,332464.00%,-,-,0,16.00%,-,-,12.3,"3,324.81"
31/01/2023,HSBC Bank Apps,0.13,7554.00%,0.00%,4.00%,0,0.00%,-,-,0.13,75.58
31/01/2023,ICICI Bank Apps,32.96,895032.00%,527.00%,37642.00%,6.9,776141.00%,-,-,45.14,"17,088.16"
31/01/2023,IDBI Bank Apps,0.07,3081.00%,-,-,-,-,-,-,0.07,30.81
31/01/2023,IDFC Bank Apps,10.82,163562.00%,-,-,0.66,58658.00%,-,-,11.47,"2,222.20"
31/01/2023,India Post Payments Bank Apps,5.43,70737.00%,-,-,-,-,-,-,5.43,707.37
31/01/2023,Indian Bank Apps,0.26,7338.00%,-,-,-,-,-,-,0.26,73.38
31/01/2023,Indian Overseas Bank Apps,0.01,231.00%,-,-,-,-,-,-,0.01,2.31
31/01/2023,IndusInd Bank Apps,0.84,96209.00%,-,-,-,-,-,-,0.84,962.09
31/01/2023,Janata Sahakari Bank Apps,0.01,398.00%,-,-,-,-,-,-,0.01,3.98
31/01/2023,Jio Payments Bank Apps,1.59,10884.00%,-,-,-,-,-,-,1.59,108.84
31/01/2023,Jupiter,2.49,32388.00%,-,-,-,-,-,-,2.49,323.88
31/01/2023,Karnataka Bank Apps,0.4,8581.00%,-,-,-,-,-,-,0.4,85.81
31/01/2023,Karur Vysya Bank Apps,0.04,1527.00%,-,-,-,-,-,-,0.04,15.27
31/01/2023,Kotak Mahindra Bank Apps,12.14,261259.00%,-,-,0,1.00%,-,-,12.14,"2,612.60"
31/01/2023,MakeMyTrip,0.08,3559.00%,-,-,-,-,-,-,0.08,35.59
31/01/2023,Mobikwik,3.49,78548.00%,-,-,-,-,-,-,3.49,785.48
31/01/2023,NSDL Payments Bank Apps,0.02,300.00%,-,-,-,-,-,-,0.02,3
31/01/2023,Paytm Payments Bank App,"1,076.75",11964731.00%,775.00%,1810.00%,0.46,63822.00%,105.94,"19,369.36","1,190.89","139,673.00"
28/02/2023,Airtel Payments Bank Apps,8.71,73035.00%,-,-,0,1.00%,0,0.09,8.71,730.45
28/02/2023,Allahabad Bank Apps,0.03,847.00%,-,-,-,-,-,-,0.03,8.47
28/02/2023,Amazon Pay,47.8,498182.00%,-,-,-,-,-,-,47.8,"4,981.82"
28/02/2023,AU Small Finance Bank Apps,0.55,16507.00%,-,-,-,-,-,-,0.55,165.07
28/02/2023,Axis Bank Apps,7.74,135253.00%,4419.00%,5861.00%,0.03,282.00%,-,-,51.95,"1,413.95"
28/02/2023,Bajaj Finserv,5.44,88275.00%,-,-,-,-,-,-,5.44,882.75
28/02/2023,Bandhan Bank Apps,0.01,171.00%,-,-,-,-,-,-,0.01,1.71
28/02/2023,Bank of Baroda Apps,1.14,40818.00%,-,-,0,115.00%,-,-,1.14,409.33
28/02/2023,Bank of India Apps,0.24,6869.00%,0.00%,0.00%,-,-,-,-,0.24,68.69
28/02/2023,Bank of Maharashtra Apps,0.07,1902.00%,-,-,-,-,-,-,0.07,19.02
28/02/2023,BHIM,23.21,715837.00%,-,-,-,-,-,-,23.21,"7,158.37"
28/02/2023,Bajaj Finserv,0.01,343.00%,-,-,-,-,-,-,0.01,3.43
28/02/2023,Canara Bank Apps,1.09,28423.00%,-,-,-,-,-,-,1.09,284.23
28/02/2023,Central Bank of India Apps,0.32,7205.00%,-,-,0,10.00%,-,-,0.32,72.15
28/02/2023,Citi Bank Apps,0.08,5937.00%,-,-,0,0.00%,-,-,0.08,59.37
28/02/2023,City Union Bank Apps,0.06,1594.00%,-,-,-,-,-,-,0.06,15.94
28/02/2023,Cointab,0.04,1640.00%,-,-,-,-,-,-,0.04,16.4
28/02/2023,Cred,36.57,1790220.00%,-,-,-,-,-,-,36.57,"17,902.20"
28/02/2023,DBS Digibank Apps,0.39,16151.00%,-,-,-,-,-,-,0.39,161.51
28/02/2023,Deutsche Bank Apps,1.31,11245.00%,-,-,0.01,590.00%,-,-,1.32,118.35
28/02/2023,Transerv,0.02,313.00%,-,-,-,-,-,-,0.02,3.13
28/02/2023,Dhanlaxmi Bank Apps,0.01,267.00%,-,-,-,-,-,-,0.01,2.67
28/02/2023,Equitas Small Finance Bank Apps,0.02,1141.00%,-,-,-,-,-,-,0.02,11.41
28/02/2023,EROUTE,0.17,608.00%,-,-,-,-,-,-,0.17,6.08
28/02/2023,FamPay PPI,1.6,2173.00%,-,-,-,-,-,-,1.6,21.73
28/02/2023,Fave,0.11,708.00%,-,-,-,-,-,-,0.11,7.08
28/02/2023,Federal Bank Apps,4.76,59097.00%,-,-,0,0.00%,-,-,4.76,590.97
28/02/2023,Fino Payments bank Apps,0.1,650.00%,-,-,-,-,-,-,0.1,6.5
28/02/2023,Google Pay,"2,639.55",42444248.00%,-,-,-,-,-,-,"2,639.55","424,442.48"
28/02/2023,Groww,0.21,15890.00%,-,-,-,-,-,-,0.21,158.9
28/02/2023,HDFC Bank Apps,11.87,311603.00%,-,-,0,14.00%,-,-,11.87,"3,116.17"
28/02/2023,HSBC Bank Apps,0.12,7302.00%,0.00%,2.00%,0,0.00%,-,-,0.12,73.04
28/02/2023,ICICI Bank Apps,28.99,805444.00%,568.00%,39060.00%,5.84,638636.00%,-,-,40.52,"14,831.40"
28/02/2023,IDBI Bank Apps,0.07,2925.00%,-,-,-,-,-,-,0.07,29.25
28/02/2023,IDFC Bank Apps,21.31,217607.00%,-,-,0.98,86814.00%,-,-,22.28,"3,044.21"
28/02/2023,India Post Payments Bank Apps,4.05,60949.00%,-,-,-,-,-,-,4.05,609.49
28/02/2023,Indian Bank Apps,0.24,6844.00%,-,-,0,13.00%,-,-,0.24,68.57
28/02/2023,Indian Overseas Bank Apps,0.01,231.00%,-,-,-,-,-,-,0.01,2.31
28/02/2023,IndusInd Bank Apps,0.78,84843.00%,-,-,-,-,-,-,0.78,848.43
28/02/2023,Jio Payments Bank Apps,1.5,10403.00%,-,-,-,-,-,-,1.5,104.03
28/02/2023,Jupiter,2.39,31407.00%,-,-,-,-,-,-,2.39,314.07
28/02/2023,Karnataka Bank Apps,0.39,8838.00%,-,-,-,-,-,-,0.39,88.38
28/02/2023,Karur Vysya Bank Apps,0.04,1478.00%,-,-,-,-,-,-,0.04,14.78
28/02/2023,Kotak Mahindra Bank Apps,12.09,252161.00%,-,-,0,3.00%,-,-,12.09,"2,521.65"
28/02/2023,MakeMyTrip,0.05,2270.00%,-,-,-,-,-,-,0.05,22.7
28/02/2023,Mobikwik,3.39,80492.00%,-,-,-,-,-,-,3.39,804.92
28/02/2023,NSDL Payments Bank Apps,0.02,300.00%,-,-,-,-,-,-,0.02,3
28/02/2023,Paytm Payments Bank App,"1,027.97",11686436.00%,1052.00%,1708.00%,0.43,62178.00%,98.61,"19,025.03","1,137.53","136,528.25"
28/02/2023,PhonePe,"3,519.12",62012197.00%,-,-,-,-,-,-,"3,519.12","620,121.97"
28/02/2023,Punjab National Bank Apps,0.33,9001.00%,-,-,-,-,-,-,0.33,90.01
31/03/2023,Airtel Payments Bank Apps,10.66,76139.00%,-,-,0,0.00%,0,0.11,10.66,761.51
31/03/2023,Allahabad Bank Apps,0.03,833.00%,-,-,-,-,-,-,0.03,8.33
31/03/2023,Amazon Pay,50.56,536090.00%,-,-,-,-,-,-,50.56,"5,360.90"
31/03/2023,AU Small Finance Bank Apps,0.62,18648.00%,-,-,-,-,-,-,0.62,186.48
31/03/2023,Axis Bank Apps,9.31,170048.00%,4890.00%,27318.00%,0.03,300.00%,-,-,58.24,"1,976.67"
31/03/2023,Bajaj Finserv,6.7,96535.00%,-,-,-,-,-,-,6.7,965.35
31/03/2023,Bajaj Finserv PPI,0.05,1222.00%,-,-,-,-,-,-,0.05,12.22
31/03/2023,Bajaj Markets,0.01,35.00%,-,-,-,-,-,-,0.01,0.35
31/03/2023,Bandhan Bank Apps,0.01,150.00%,-,-,-,-,-,-,0.01,1.5
31/03/2023,Bank of America Apps,0.01,206.00%,-,-,0,0.00%,-,-,0.01,2.07
31/03/2023,Bank of Baroda Apps,1.16,44684.00%,-,-,0,42.00%,-,-,1.16,447.25
31/03/2023,Bank of India Apps,0.23,7114.00%,-,-,-,-,-,-,0.23,71.14
31/03/2023,Bank of Maharashtra Apps,0.06,2129.00%,-,-,-,-,-,-,0.06,21.29
31/03/2023,BHIM,23.68,749824.00%,-,-,-,-,-,-,23.68,"7,498.24"
31/03/2023,Canara Bank Apps,1.39,37443.00%,-,-,-,-,-,-,1.39,374.43
31/03/2023,Central Bank of India Apps,0.36,8348.00%,-,-,0,9.00%,-,-,0.36,83.56
31/03/2023,Citi Bank Apps,0.12,6755.00%,-,-,0,1.00%,-,-,0.12,67.55
31/03/2023,City Union Bank Apps,0.06,1893.00%,-,-,-,-,-,-,0.06,18.93
31/03/2023,Cointab,0.04,1907.00%,-,-,-,-,-,-,0.04,19.07
31/03/2023,Cred,42.84,2105631.00%,-,-,-,-,-,-,42.84,"21,056.31"
31/03/2023,DBS Digibank Apps,0.41,17788.00%,-,-,-,-,-,-,0.41,177.88
31/03/2023,Deutsche Bank Apps,1.72,16784.00%,-,-,0.02,1927.00%,-,-,1.73,187.11
31/03/2023,Dhanlaxmi Bank Apps,0.01,321.00%,-,-,-,-,-,-,0.01,3.21
31/03/2023,Equitas Small Finance Bank Apps,0.02,1357.00%,-,-,-,-,-,-,0.02,13.57
31/03/2023,Eroute,0.27,1925.00%,-,-,-,-,-,-,0.27,19.25
31/03/2023,Fampay PPI,9.49,12459.00%,-,-,-,-,-,-,9.49,124.59
31/03/2023,Fave,0.08,640.00%,-,-,-,-,-,-,0.08,6.4
31/03/2023,Federal Bank Apps,5.25,64850.00%,-,-,0,0.00%,-,-,5.25,648.51
31/03/2023,Fino Payments bank Apps,0.13,818.00%,-,-,-,-,-,-,0.13,8.18
31/03/2023,Google Pay,"3,054.44",48289669.00%,-,-,-,-,-,-,"3,054.44","482,896.69"
31/03/2023,Groww,0.18,13764.00%,-,-,-,-,-,-,0.18,137.64
31/03/2023,HDFC Bank Apps,14.22,364487.00%,-,-,0,1.00%,-,-,14.22,"3,644.88"
31/03/2023,HSBC Bank Apps,0.14,8969.00%,0.00%,3.00%,0,0.00%,-,-,0.14,89.71
31/03/2023,ICICI Bank Apps,29.46,877327.00%,487.00%,34816.00%,7.26,850271.00%,-,-,41.59,"17,624.14"
31/03/2023,IDBI Bank Apps,0.07,3238.00%,-,-,-,-,-,-,0.07,32.38
31/03/2023,IDFC Bank Apps,13.36,266521.00%,-,-,0.67,64096.00%,-,-,14.02,"3,306.18"
31/03/2023,India Post Payments Bank Apps,4.44,66769.00%,-,-,-,-,-,-,4.44,667.69
31/03/2023,Indian Bank Apps,0.26,7585.00%,-,-,0,1656.00%,-,-,0.26,92.41
31/03/2023,Indian Overseas Bank Apps,0.02,447.00%,-,-,-,-,-,-,0.02,4.47
31/03/2023,IndusInd Bank Apps,0.93,95035.00%,-,-,-,-,-,-,0.93,950.35
31/03/2023,Janata Sahakari Bank Apps,0.01,374.00%,-,-,-,-,-,-,0.01,3.74
31/03/2023,Jio Payments Bank Apps,1.68,11872.00%,-,-,-,-,-,-,1.68,118.72
31/03/2023,Jupiter,2.66,35812.00%,-,-,-,-,-,-,2.66,358.12
31/03/2023,Karnataka Bank Apps,0.42,9153.00%,-,-,-,-,-,-,0.42,91.53
31/03/2023,Karur Vysya Bank Apps,0.04,1584.00%,-,-,-,-,-,-,0.04,15.84
31/03/2023,Kotak Mahindra Bank Apps,13.77,285464.00%,-,-,0,1.00%,-,-,13.77,"2,854.65"
31/03/2023,LivQuick PPI,0.01,64.00%,-,-,-,-,-,-,0.01,0.64
31/03/2023,MakeMyTrip,0.05,2350.00%,-,-,-,-,-,-,0.05,23.5
31/03/2023,Mobikwik,3.64,93798.00%,-,-,-,-,-,-,3.64,937.98
31/03/2023,NSDL Payments Bank Apps,0.03,347.00%,-,-,-,-,-,-,0.03,3.47
